X,Voice,Number,Subject,Reflexive,TempLoc,Aspect,SpatAdv,Epoch,RelClause,Aux
1,Passive,Sg,Subj,Nonreflexive,FALSE,Pf,NoSpatAdv,early,RelCl,Aux
2,Active,Sg,Subj,Nonreflexive,TRUE,Impf,NoSpatAdv,early,RelCl,NoAux
3,Active,Sg,Subj,Nonreflexive,FALSE,Impf,NoSpatAdv,early,NoRelCl,Aux
4,Active,Sg,NoSubj,Nonreflexive,FALSE,Impf,NoSpatAdv,early,RelCl,Aux
5,Passive,Sg,Subj,Nonreflexive,TRUE,Pf,SpatAdv,early,NoRelCl,Aux
6,Active,Sg,Subj,Nonreflexive,FALSE,Pf,NoSpatAdv,early,RelCl,Aux
7,Active,Sg,NoSubj,Nonreflexive,FALSE,Impf,NoSpatAdv,early,RelCl,NoAux
8,Active,Sg,NoSubj,Nonreflexive,FALSE,Pf,NoSpatAdv,early,RelCl,NoAux
9,Active,Sg,Subj,Nonreflexive,FALSE,Pf,NoSpatAdv,early,RelCl,NoAux
10,Active,Sg,Subj,Nonreflexive,FALSE,Pf,NoSpatAdv,early,NoRelCl,NoAux
11,Passive,Sg,NoSubj,Nonreflexive,TRUE,Pf,SpatAdv,early,NoRelCl,NoAux
12,Passive,Sg,NoSubj,Nonreflexive,TRUE,Impf,SpatAdv,early,NoRelCl,NoAux
13,Active,Pl,Subj,Nonreflexive,FALSE,Pf,NoSpatAdv,early,RelCl,NoAux
14,Passive,Sg,Subj,Nonreflexive,FALSE,Impf,SpatAdv,early,RelCl,NoAux
15,Passive,Sg,Subj,Nonreflexive,FALSE,Pf,SpatAdv,early,RelCl,NoAux
16,Passive,Sg,NoSubj,Nonreflexive,FALSE,Pf,NoSpatAdv,early,NoRelCl,Aux
17,Passive,Sg,Subj,Nonreflexive,TRUE,Pf,SpatAdv,early,NoRelCl,NoAux
18,Active,Pl,Subj,Reflexive,TRUE,Pf,SpatAdv,early,NoRelCl,NoAux
19,Active,Sg,NoSubj,Nonreflexive,FALSE,Pf,NoSpatAdv,early,RelCl,Aux
20,Passive,Sg,Subj,Nonreflexive,TRUE,Pf,SpatAdv,early,RelCl,Aux
21,Passive,Sg,Subj,Nonreflexive,TRUE,Impf,SpatAdv,early,RelCl,Aux
22,Passive,Sg,Subj,Nonreflexive,TRUE,Pf,NoSpatAdv,early,RelCl,Aux
23,Passive,Sg,Subj,Nonreflexive,TRUE,Impf,NoSpatAdv,early,RelCl,Aux
24,Passive,Sg,NoSubj,Nonreflexive,TRUE,Pf,SpatAdv,early,NoRelCl,NoAux
25,Passive,Pl,NoSubj,Nonreflexive,FALSE,Pf,NoSpatAdv,early,RelCl,Aux
26,Passive,Sg,Subj,Nonreflexive,TRUE,Pf,NoSpatAdv,early,RelCl,Aux
27,Passive,Sg,NoSubj,Nonreflexive,TRUE,Pf,SpatAdv,early,NoRelCl,NoAux
28,Passive,Pl,Subj,Nonreflexive,FALSE,Pf,NoSpatAdv,early,NoRelCl,Aux
29,Active,Sg,Subj,Nonreflexive,FALSE,Impf,SpatAdv,early,NoRelCl,NoAux
30,Active,Sg,NoSubj,Nonreflexive,FALSE,Impf,NoSpatAdv,early,NoRelCl,NoAux
31,Passive,Sg,Subj,Nonreflexive,FALSE,Pf,NoSpatAdv,early,NoRelCl,NoAux
32,Active,Pl,Subj,Reflexive,FALSE,Pf,NoSpatAdv,early,NoRelCl,NoAux
33,Passive,Sg,NoSubj,Nonreflexive,TRUE,Impf,NoSpatAdv,early,NoRelCl,NoAux
34,Passive,Pl,Subj,Nonreflexive,FALSE,Pf,NoSpatAdv,early,NoRelCl,Aux
35,Passive,Sg,Subj,Nonreflexive,FALSE,Pf,NoSpatAdv,early,RelCl,Aux
36,Active,Sg,Subj,Nonreflexive,FALSE,Pf,NoSpatAdv,early,RelCl,Aux
37,Active,Sg,Subj,Nonreflexive,TRUE,Pf,SpatAdv,early,NoRelCl,NoAux
38,Active,Sg,Subj,Nonreflexive,TRUE,Pf,SpatAdv,early,NoRelCl,NoAux
39,Active,Sg,NoSubj,Nonreflexive,FALSE,Impf,SpatAdv,early,RelCl,Aux
40,Active,Sg,Subj,Nonreflexive,FALSE,Impf,NoSpatAdv,early,RelCl,Aux
41,Active,Sg,NoSubj,Nonreflexive,FALSE,Pf,SpatAdv,early,NoRelCl,Aux
42,Active,Sg,NoSubj,Nonreflexive,FALSE,Pf,NoSpatAdv,early,NoRelCl,Aux
43,Active,Sg,NoSubj,Nonreflexive,FALSE,Pf,NoSpatAdv,early,NoRelCl,Aux
44,Active,Sg,Subj,Reflexive,FALSE,Pf,SpatAdv,early,NoRelCl,Aux
45,Active,Sg,NoSubj,Nonreflexive,TRUE,Impf,NoSpatAdv,early,NoRelCl,Aux
46,Active,Sg,NoSubj,Nonreflexive,FALSE,Pf,NoSpatAdv,early,NoRelCl,NoAux
47,Active,Sg,Subj,Nonreflexive,FALSE,Impf,NoSpatAdv,early,NoRelCl,Aux
48,Active,Pl,Subj,Nonreflexive,FALSE,Pf,NoSpatAdv,early,RelCl,Aux
49,Passive,Sg,Subj,Nonreflexive,TRUE,Pf,SpatAdv,early,RelCl,Aux
50,Passive,Sg,Subj,Nonreflexive,TRUE,Pf,NoSpatAdv,early,RelCl,NoAux
51,Passive,Sg,Subj,Nonreflexive,TRUE,Impf,NoSpatAdv,early,RelCl,NoAux
52,Active,Pl,Subj,Nonreflexive,FALSE,Pf,NoSpatAdv,early,RelCl,Aux
53,Active,Pl,Subj,Nonreflexive,FALSE,Pf,NoSpatAdv,early,RelCl,Aux
54,Passive,Sg,Subj,Nonreflexive,FALSE,Impf,SpatAdv,early,RelCl,Aux
55,Passive,Sg,NoSubj,Nonreflexive,FALSE,Pf,NoSpatAdv,early,NoRelCl,Aux
56,Passive,Sg,NoSubj,Nonreflexive,FALSE,Pf,NoSpatAdv,early,NoRelCl,Aux
57,Passive,Sg,NoSubj,Nonreflexive,FALSE,Pf,NoSpatAdv,early,NoRelCl,Aux
58,Active,Pl,Subj,Reflexive,FALSE,Pf,SpatAdv,early,NoRelCl,Aux
59,Active,Pl,Subj,Nonreflexive,FALSE,Pf,NoSpatAdv,early,RelCl,Aux
60,Passive,Sg,Subj,Nonreflexive,TRUE,Pf,NoSpatAdv,early,RelCl,Aux
61,Active,Sg,Subj,Nonreflexive,FALSE,Pf,NoSpatAdv,middle,RelCl,Aux
62,Active,Pl,NoSubj,Nonreflexive,FALSE,Pf,NoSpatAdv,middle,NoRelCl,Aux
63,Active,Sg,Subj,Nonreflexive,TRUE,Pf,NoSpatAdv,middle,RelCl,Aux
64,Active,Sg,Subj,Nonreflexive,TRUE,Pf,NoSpatAdv,middle,RelCl,Aux
65,Passive,Sg,Subj,Nonreflexive,FALSE,Pf,NoSpatAdv,middle,RelCl,Aux
66,Passive,Sg,Subj,Nonreflexive,FALSE,Impf,NoSpatAdv,middle,RelCl,Aux
67,Active,Sg,Subj,Nonreflexive,TRUE,Pf,SpatAdv,middle,NoRelCl,Aux
68,Active,Sg,Subj,Nonreflexive,TRUE,Pf,NoSpatAdv,middle,NoRelCl,Aux
69,Active,Sg,Subj,Reflexive,FALSE,Pf,SpatAdv,middle,NoRelCl,Aux
70,Active,Sg,NoSubj,Nonreflexive,TRUE,Impf,NoSpatAdv,middle,NoRelCl,Aux
71,Passive,Sg,Subj,Nonreflexive,TRUE,Pf,SpatAdv,middle,RelCl,Aux
72,Active,Sg,NoSubj,Nonreflexive,TRUE,Pf,NoSpatAdv,middle,NoRelCl,NoAux
73,Active,Sg,NoSubj,Nonreflexive,TRUE,Pf,NoSpatAdv,middle,NoRelCl,NoAux
74,Active,Sg,Subj,Reflexive,FALSE,Pf,NoSpatAdv,middle,RelCl,Aux
75,Passive,Sg,Subj,Nonreflexive,TRUE,Pf,NoSpatAdv,middle,RelCl,Aux
76,Passive,Sg,NoSubj,Nonreflexive,FALSE,Pf,NoSpatAdv,middle,RelCl,NoAux
77,Passive,Sg,Subj,Nonreflexive,FALSE,Pf,NoSpatAdv,middle,NoRelCl,Aux
78,Active,Sg,NoSubj,Nonreflexive,FALSE,Pf,SpatAdv,middle,NoRelCl,Aux
79,Passive,Sg,Subj,Nonreflexive,TRUE,Pf,SpatAdv,middle,RelCl,Aux
80,Active,Sg,Subj,Nonreflexive,FALSE,Pf,SpatAdv,middle,NoRelCl,NoAux
81,Active,Sg,NoSubj,Nonreflexive,TRUE,Pf,NoSpatAdv,middle,NoRelCl,NoAux
82,Active,Pl,Subj,Nonreflexive,TRUE,Pf,NoSpatAdv,middle,NoRelCl,Aux
83,Active,Pl,Subj,Nonreflexive,TRUE,Pf,SpatAdv,middle,NoRelCl,NoAux
84,Active,Sg,Subj,Nonreflexive,FALSE,Impf,NoSpatAdv,middle,NoRelCl,NoAux
85,Active,Pl,Subj,Nonreflexive,FALSE,Pf,SpatAdv,middle,NoRelCl,Aux
86,Passive,Sg,Subj,Nonreflexive,FALSE,Impf,NoSpatAdv,middle,RelCl,Aux
87,Passive,Sg,NoSubj,Nonreflexive,TRUE,Pf,SpatAdv,middle,NoRelCl,NoAux
88,Active,Sg,Subj,Nonreflexive,FALSE,Impf,NoSpatAdv,middle,NoRelCl,Aux
89,Active,Sg,Subj,Nonreflexive,FALSE,Impf,NoSpatAdv,middle,NoRelCl,Aux
90,Active,Sg,NoSubj,Nonreflexive,FALSE,Impf,NoSpatAdv,middle,NoRelCl,Aux
91,Active,Pl,Subj,Nonreflexive,FALSE,Pf,SpatAdv,middle,RelCl,NoAux
92,Active,Pl,NoSubj,Nonreflexive,FALSE,Pf,NoSpatAdv,middle,NoRelCl,Aux
93,Active,Pl,NoSubj,Nonreflexive,FALSE,Impf,NoSpatAdv,middle,NoRelCl,Aux
94,Active,Pl,Subj,Nonreflexive,TRUE,Pf,SpatAdv,middle,RelCl,Aux
95,Active,Pl,Subj,Nonreflexive,TRUE,Pf,SpatAdv,middle,RelCl,Aux
96,Active,Pl,Subj,Nonreflexive,TRUE,Pf,SpatAdv,middle,RelCl,Aux
97,Active,Sg,Subj,Nonreflexive,FALSE,Impf,NoSpatAdv,middle,NoRelCl,NoAux
98,Active,Pl,Subj,Nonreflexive,FALSE,Pf,NoSpatAdv,middle,RelCl,Aux
99,Active,Pl,Subj,Nonreflexive,FALSE,Impf,NoSpatAdv,middle,RelCl,Aux
100,Active,Pl,Subj,Nonreflexive,FALSE,Pf,NoSpatAdv,middle,RelCl,Aux
101,Active,Pl,NoSubj,Nonreflexive,TRUE,Pf,NoSpatAdv,middle,RelCl,Aux
102,Active,Pl,Subj,Nonreflexive,FALSE,Pf,NoSpatAdv,middle,RelCl,Aux
103,Active,Pl,Subj,Nonreflexive,FALSE,Pf,NoSpatAdv,middle,RelCl,Aux
104,Active,Sg,Subj,Reflexive,FALSE,Pf,NoSpatAdv,middle,RelCl,Aux
105,Active,Sg,Subj,Nonreflexive,FALSE,Pf,NoSpatAdv,middle,RelCl,Aux
106,Active,Sg,NoSubj,Nonreflexive,FALSE,Pf,NoSpatAdv,middle,RelCl,Aux
107,Active,Pl,Subj,Nonreflexive,FALSE,Impf,NoSpatAdv,middle,RelCl,Aux
108,Passive,Sg,Subj,Nonreflexive,TRUE,Pf,NoSpatAdv,middle,RelCl,Aux
109,Passive,Sg,Subj,Nonreflexive,TRUE,Pf,NoSpatAdv,middle,RelCl,Aux
110,Active,Sg,Subj,Nonreflexive,TRUE,Pf,NoSpatAdv,middle,NoRelCl,Aux
111,Active,Pl,Subj,Nonreflexive,FALSE,Pf,NoSpatAdv,middle,RelCl,Aux
112,Active,Pl,Subj,Nonreflexive,TRUE,Pf,NoSpatAdv,middle,NoRelCl,Aux
113,Active,Pl,Subj,Nonreflexive,TRUE,Pf,NoSpatAdv,middle,NoRelCl,Aux
114,Passive,Sg,Subj,Nonreflexive,TRUE,Pf,SpatAdv,middle,RelCl,Aux
115,Passive,Sg,Subj,Nonreflexive,TRUE,Pf,SpatAdv,middle,RelCl,Aux
116,Passive,Sg,Subj,Nonreflexive,TRUE,Pf,NoSpatAdv,middle,RelCl,Aux
117,Passive,Sg,NoSubj,Nonreflexive,TRUE,Pf,SpatAdv,middle,NoRelCl,NoAux
118,Active,Sg,Subj,Nonreflexive,TRUE,Impf,NoSpatAdv,middle,NoRelCl,Aux
119,Active,Sg,NoSubj,Nonreflexive,FALSE,Impf,NoSpatAdv,middle,NoRelCl,Aux
120,Active,Pl,Subj,Nonreflexive,TRUE,Impf,NoSpatAdv,middle,RelCl,NoAux
121,Active,Pl,Subj,Nonreflexive,TRUE,Pf,NoSpatAdv,middle,RelCl,Aux
122,Passive,Sg,NoSubj,Nonreflexive,TRUE,Pf,SpatAdv,middle,NoRelCl,NoAux
123,Active,Sg,Subj,Nonreflexive,TRUE,Pf,NoSpatAdv,middle,NoRelCl,Aux
124,Active,Sg,Subj,Nonreflexive,TRUE,Pf,NoSpatAdv,middle,NoRelCl,NoAux
125,Passive,Sg,Subj,Nonreflexive,TRUE,Pf,SpatAdv,middle,RelCl,Aux
126,Passive,Sg,Subj,Nonreflexive,TRUE,Impf,SpatAdv,middle,RelCl,Aux
127,Passive,Sg,Subj,Nonreflexive,TRUE,Pf,NoSpatAdv,middle,RelCl,Aux
128,Passive,Sg,Subj,Nonreflexive,TRUE,Impf,NoSpatAdv,middle,RelCl,Aux
129,Active,Sg,Subj,Nonreflexive,FALSE,Impf,NoSpatAdv,middle,RelCl,Aux
130,Passive,Sg,Subj,Nonreflexive,TRUE,Impf,NoSpatAdv,middle,RelCl,Aux
131,Passive,Pl,Subj,Nonreflexive,FALSE,Pf,NoSpatAdv,middle,NoRelCl,Aux
132,Active,Sg,Subj,Nonreflexive,FALSE,Pf,NoSpatAdv,middle,RelCl,Aux
133,Active,Sg,Subj,Nonreflexive,FALSE,Pf,NoSpatAdv,middle,RelCl,Aux
134,Active,Pl,NoSubj,Nonreflexive,FALSE,Pf,NoSpatAdv,middle,NoRelCl,Aux
135,Passive,Sg,Subj,Nonreflexive,TRUE,Pf,NoSpatAdv,middle,RelCl,Aux
136,Active,Pl,NoSubj,Nonreflexive,FALSE,Pf,NoSpatAdv,middle,NoRelCl,Aux
137,Passive,Sg,Subj,Nonreflexive,TRUE,Pf,SpatAdv,middle,RelCl,Aux
138,Active,Sg,Subj,Nonreflexive,FALSE,Impf,SpatAdv,middle,RelCl,NoAux
139,Active,Sg,Subj,Nonreflexive,FALSE,Pf,SpatAdv,middle,RelCl,NoAux
140,Passive,Sg,NoSubj,Nonreflexive,FALSE,Impf,SpatAdv,middle,RelCl,Aux
141,Passive,Sg,NoSubj,Nonreflexive,FALSE,Pf,SpatAdv,middle,RelCl,Aux
142,Active,Pl,NoSubj,Nonreflexive,FALSE,Pf,NoSpatAdv,middle,NoRelCl,Aux
143,Passive,Sg,Subj,Nonreflexive,TRUE,Pf,NoSpatAdv,middle,RelCl,Aux
144,Active,Sg,NoSubj,Nonreflexive,FALSE,Pf,NoSpatAdv,middle,RelCl,Aux
145,Passive,Sg,Subj,Nonreflexive,FALSE,Impf,NoSpatAdv,middle,NoRelCl,NoAux
146,Passive,Sg,Subj,Nonreflexive,FALSE,Impf,NoSpatAdv,middle,NoRelCl,NoAux
147,Active,Pl,Subj,Reflexive,TRUE,Pf,SpatAdv,middle,NoRelCl,Aux
148,Active,Pl,Subj,Reflexive,TRUE,Pf,SpatAdv,middle,NoRelCl,Aux
149,Active,Sg,Subj,Nonreflexive,FALSE,Pf,NoSpatAdv,middle,NoRelCl,Aux
150,Active,Sg,Subj,Nonreflexive,FALSE,Impf,NoSpatAdv,middle,NoRelCl,Aux
151,Passive,Sg,Subj,Nonreflexive,TRUE,Pf,SpatAdv,middle,RelCl,Aux
152,Passive,Sg,Subj,Nonreflexive,TRUE,Impf,SpatAdv,middle,RelCl,Aux
153,Active,Pl,NoSubj,Nonreflexive,FALSE,Impf,NoSpatAdv,middle,NoRelCl,Aux
154,Active,Sg,Subj,Nonreflexive,TRUE,Impf,NoSpatAdv,middle,RelCl,Aux
155,Passive,Sg,Subj,Nonreflexive,TRUE,Pf,NoSpatAdv,middle,RelCl,Aux
156,Passive,Sg,Subj,Nonreflexive,TRUE,Pf,NoSpatAdv,middle,RelCl,Aux
157,Active,Sg,Subj,Nonreflexive,TRUE,Impf,NoSpatAdv,middle,NoRelCl,Aux
158,Active,Sg,Subj,Nonreflexive,FALSE,Impf,NoSpatAdv,middle,RelCl,Aux
159,Passive,Sg,Subj,Nonreflexive,FALSE,Pf,NoSpatAdv,middle,RelCl,Aux
160,Active,Sg,Subj,Reflexive,FALSE,Pf,NoSpatAdv,middle,RelCl,Aux
161,Active,Sg,Subj,Nonreflexive,FALSE,Pf,NoSpatAdv,middle,RelCl,Aux
162,Active,Sg,Subj,Nonreflexive,FALSE,Pf,NoSpatAdv,middle,RelCl,Aux
163,Active,Sg,Subj,Nonreflexive,FALSE,Impf,NoSpatAdv,middle,RelCl,Aux
164,Active,Sg,Subj,Nonreflexive,TRUE,Pf,SpatAdv,middle,RelCl,Aux
165,Active,Sg,Subj,Nonreflexive,TRUE,Pf,NoSpatAdv,middle,NoRelCl,Aux
166,Active,Sg,Subj,Nonreflexive,TRUE,Pf,SpatAdv,middle,NoRelCl,Aux
167,Active,Pl,Subj,Nonreflexive,FALSE,Pf,NoSpatAdv,middle,RelCl,Aux
168,Active,Pl,Subj,Nonreflexive,FALSE,Pf,NoSpatAdv,middle,RelCl,NoAux
169,Active,Pl,NoSubj,Nonreflexive,FALSE,Pf,SpatAdv,middle,NoRelCl,Aux
170,Active,Sg,Subj,Reflexive,TRUE,Pf,NoSpatAdv,middle,NoRelCl,Aux
171,Passive,Sg,Subj,Nonreflexive,FALSE,Pf,SpatAdv,middle,RelCl,Aux
172,Passive,Sg,Subj,Nonreflexive,FALSE,Impf,SpatAdv,middle,RelCl,Aux
173,Active,Pl,NoSubj,Nonreflexive,FALSE,Pf,SpatAdv,middle,NoRelCl,Aux
174,Passive,Sg,Subj,Nonreflexive,TRUE,Pf,NoSpatAdv,middle,RelCl,Aux
175,Passive,Sg,Subj,Nonreflexive,TRUE,Impf,NoSpatAdv,middle,RelCl,Aux
176,Active,Pl,NoSubj,Nonreflexive,FALSE,Pf,SpatAdv,middle,NoRelCl,Aux
177,Passive,Sg,Subj,Nonreflexive,TRUE,Pf,SpatAdv,middle,RelCl,NoAux
178,Passive,Sg,Subj,Nonreflexive,FALSE,Pf,NoSpatAdv,middle,NoRelCl,Aux
179,Active,Sg,Subj,Nonreflexive,FALSE,Impf,NoSpatAdv,middle,NoRelCl,Aux
180,Active,Pl,NoSubj,Nonreflexive,FALSE,Impf,NoSpatAdv,middle,NoRelCl,Aux
181,Active,Pl,NoSubj,Nonreflexive,FALSE,Pf,NoSpatAdv,middle,RelCl,Aux
182,Active,Sg,Subj,Nonreflexive,TRUE,Pf,NoSpatAdv,middle,NoRelCl,NoAux
183,Active,Sg,Subj,Reflexive,FALSE,Pf,NoSpatAdv,middle,NoRelCl,Aux
184,Active,Sg,Subj,Nonreflexive,FALSE,Pf,SpatAdv,middle,NoRelCl,Aux
185,Active,Sg,Subj,Nonreflexive,FALSE,Pf,NoSpatAdv,middle,NoRelCl,NoAux
186,Active,Sg,Subj,Nonreflexive,FALSE,Pf,NoSpatAdv,middle,NoRelCl,Aux
187,Passive,Sg,NoSubj,Nonreflexive,FALSE,Pf,NoSpatAdv,middle,NoRelCl,NoAux
188,Active,Pl,NoSubj,Nonreflexive,FALSE,Pf,NoSpatAdv,middle,NoRelCl,Aux
189,Passive,Sg,NoSubj,Nonreflexive,FALSE,Pf,NoSpatAdv,middle,NoRelCl,NoAux
190,Active,Sg,Subj,Reflexive,TRUE,Pf,NoSpatAdv,middle,NoRelCl,Aux
191,Active,Pl,NoSubj,Nonreflexive,FALSE,Pf,SpatAdv,middle,NoRelCl,Aux
192,Passive,Sg,Subj,Nonreflexive,TRUE,Pf,NoSpatAdv,middle,RelCl,Aux
193,Passive,Sg,Subj,Nonreflexive,TRUE,Impf,NoSpatAdv,middle,RelCl,Aux
194,Active,Sg,NoSubj,Nonreflexive,TRUE,Pf,NoSpatAdv,middle,RelCl,Aux
195,Active,Sg,NoSubj,Nonreflexive,TRUE,Pf,NoSpatAdv,middle,RelCl,Aux
196,Active,Sg,Subj,Nonreflexive,TRUE,Impf,NoSpatAdv,middle,NoRelCl,NoAux
197,Active,Sg,Subj,Nonreflexive,FALSE,Pf,NoSpatAdv,middle,NoRelCl,Aux
198,Passive,Sg,NoSubj,Nonreflexive,TRUE,Pf,SpatAdv,middle,NoRelCl,NoAux
199,Passive,Sg,Subj,Nonreflexive,FALSE,Pf,NoSpatAdv,middle,NoRelCl,Aux
200,Active,Sg,NoSubj,Nonreflexive,FALSE,Pf,SpatAdv,middle,NoRelCl,Aux
201,Passive,Sg,NoSubj,Nonreflexive,TRUE,Pf,SpatAdv,middle,NoRelCl,NoAux
202,Passive,Sg,Subj,Nonreflexive,FALSE,Pf,NoSpatAdv,middle,RelCl,Aux
203,Active,Pl,NoSubj,Reflexive,TRUE,Pf,SpatAdv,middle,NoRelCl,Aux
204,Active,Sg,Subj,Nonreflexive,TRUE,Impf,NoSpatAdv,middle,NoRelCl,Aux
205,Active,Sg,NoSubj,Nonreflexive,TRUE,Pf,NoSpatAdv,middle,NoRelCl,NoAux
206,Active,Sg,NoSubj,Nonreflexive,TRUE,Pf,NoSpatAdv,middle,NoRelCl,NoAux
207,Active,Pl,Subj,Nonreflexive,FALSE,Impf,SpatAdv,middle,NoRelCl,Aux
208,Active,Sg,Subj,Nonreflexive,TRUE,Impf,NoSpatAdv,middle,NoRelCl,NoAux
209,Active,Sg,Subj,Nonreflexive,TRUE,Pf,NoSpatAdv,middle,NoRelCl,Aux
210,Active,Sg,Subj,Nonreflexive,FALSE,Impf,NoSpatAdv,middle,RelCl,Aux
211,Passive,Sg,NoSubj,Nonreflexive,FALSE,Pf,NoSpatAdv,late,NoRelCl,Aux
212,Passive,Sg,Subj,Nonreflexive,FALSE,Impf,NoSpatAdv,late,RelCl,Aux
213,Passive,Sg,Subj,Nonreflexive,FALSE,Pf,NoSpatAdv,late,RelCl,NoAux
214,Active,Sg,NoSubj,Nonreflexive,FALSE,Impf,NoSpatAdv,late,NoRelCl,Aux
215,Active,Sg,NoSubj,Nonreflexive,FALSE,Impf,NoSpatAdv,late,NoRelCl,Aux
216,Passive,Sg,NoSubj,Nonreflexive,TRUE,Pf,SpatAdv,late,NoRelCl,NoAux
217,Active,Sg,NoSubj,Nonreflexive,FALSE,Pf,NoSpatAdv,late,RelCl,Aux
218,Active,Sg,Subj,Nonreflexive,FALSE,Impf,SpatAdv,late,RelCl,NoAux
219,Passive,Sg,Subj,Nonreflexive,TRUE,Pf,SpatAdv,late,RelCl,NoAux
220,Passive,Sg,NoSubj,Nonreflexive,FALSE,Impf,NoSpatAdv,late,NoRelCl,NoAux
221,Active,Sg,NoSubj,Reflexive,TRUE,Pf,NoSpatAdv,late,NoRelCl,NoAux
222,Passive,Sg,Subj,Nonreflexive,TRUE,Pf,NoSpatAdv,late,NoRelCl,Aux
223,Passive,Sg,NoSubj,Nonreflexive,TRUE,Pf,SpatAdv,late,NoRelCl,NoAux
224,Passive,Sg,NoSubj,Nonreflexive,TRUE,Pf,SpatAdv,late,NoRelCl,NoAux
225,Active,Sg,Subj,Nonreflexive,FALSE,Pf,SpatAdv,late,NoRelCl,Aux
226,Active,Sg,Subj,Nonreflexive,FALSE,Impf,NoSpatAdv,late,RelCl,Aux
227,Active,Sg,Subj,Nonreflexive,FALSE,Impf,SpatAdv,late,NoRelCl,Aux
228,Active,Sg,NoSubj,Nonreflexive,FALSE,Pf,NoSpatAdv,late,NoRelCl,Aux
229,Active,Sg,Subj,Nonreflexive,FALSE,Pf,NoSpatAdv,late,NoRelCl,Aux
230,Active,Sg,Subj,Nonreflexive,FALSE,Pf,NoSpatAdv,late,NoRelCl,Aux
231,Active,Sg,Subj,Nonreflexive,FALSE,Pf,NoSpatAdv,late,NoRelCl,Aux
232,Active,Sg,Subj,Reflexive,FALSE,Impf,NoSpatAdv,late,NoRelCl,NoAux
233,Passive,Sg,NoSubj,Nonreflexive,TRUE,Pf,SpatAdv,late,NoRelCl,NoAux
234,Passive,Sg,Subj,Nonreflexive,FALSE,Pf,NoSpatAdv,late,NoRelCl,NoAux
235,Active,Sg,NoSubj,Nonreflexive,TRUE,Impf,NoSpatAdv,late,NoRelCl,Aux
236,Active,Pl,Subj,Nonreflexive,FALSE,Impf,NoSpatAdv,late,RelCl,NoAux
237,Active,Pl,Subj,Nonreflexive,TRUE,Impf,NoSpatAdv,late,RelCl,Aux
238,Active,Pl,NoSubj,Nonreflexive,FALSE,Impf,SpatAdv,late,NoRelCl,NoAux
239,Active,Pl,NoSubj,Nonreflexive,FALSE,Impf,NoSpatAdv,late,NoRelCl,NoAux
240,Active,Sg,NoSubj,Reflexive,TRUE,Pf,NoSpatAdv,late,NoRelCl,Aux
241,Passive,Sg,NoSubj,Nonreflexive,TRUE,Pf,SpatAdv,late,NoRelCl,NoAux
242,Active,Sg,NoSubj,Nonreflexive,TRUE,Pf,NoSpatAdv,late,NoRelCl,NoAux
243,Active,Sg,NoSubj,Nonreflexive,TRUE,Pf,NoSpatAdv,late,NoRelCl,NoAux
244,Active,Sg,NoSubj,Nonreflexive,FALSE,Impf,NoSpatAdv,late,NoRelCl,NoAux
245,Active,Sg,NoSubj,Nonreflexive,TRUE,Pf,NoSpatAdv,late,NoRelCl,NoAux
246,Active,Sg,NoSubj,Nonreflexive,TRUE,Pf,NoSpatAdv,late,NoRelCl,NoAux
247,Active,Pl,Subj,Nonreflexive,FALSE,Impf,NoSpatAdv,late,NoRelCl,Aux
248,Active,Sg,Subj,Nonreflexive,FALSE,Impf,NoSpatAdv,late,NoRelCl,NoAux
249,Active,Sg,Subj,Nonreflexive,FALSE,Pf,SpatAdv,late,RelCl,Aux
250,Passive,Pl,NoSubj,Nonreflexive,FALSE,Impf,NoSpatAdv,late,RelCl,Aux
251,Passive,Sg,Subj,Nonreflexive,FALSE,Pf,NoSpatAdv,late,NoRelCl,Aux
252,Passive,Sg,Subj,Nonreflexive,FALSE,Pf,NoSpatAdv,late,RelCl,Aux
253,Active,Sg,Subj,Nonreflexive,FALSE,Pf,NoSpatAdv,late,RelCl,Aux
254,Active,Pl,Subj,Nonreflexive,FALSE,Impf,NoSpatAdv,late,RelCl,Aux
255,Active,Pl,Subj,Nonreflexive,TRUE,Pf,NoSpatAdv,late,NoRelCl,Aux
256,Active,Sg,Subj,Reflexive,FALSE,Pf,NoSpatAdv,late,RelCl,NoAux
257,Active,Sg,Subj,Nonreflexive,FALSE,Pf,NoSpatAdv,late,NoRelCl,NoAux
258,Active,Sg,NoSubj,Reflexive,TRUE,Pf,NoSpatAdv,late,NoRelCl,NoAux
259,Active,Pl,NoSubj,Nonreflexive,TRUE,Pf,SpatAdv,late,NoRelCl,NoAux
260,Active,Sg,Subj,Reflexive,TRUE,Pf,NoSpatAdv,late,NoRelCl,NoAux
261,Active,Sg,NoSubj,Nonreflexive,TRUE,Pf,SpatAdv,late,NoRelCl,NoAux
262,Active,Sg,NoSubj,Nonreflexive,TRUE,Pf,NoSpatAdv,late,NoRelCl,NoAux
263,Active,Sg,NoSubj,Nonreflexive,TRUE,Pf,NoSpatAdv,late,NoRelCl,NoAux
264,Active,Pl,Subj,Reflexive,TRUE,Pf,NoSpatAdv,late,NoRelCl,NoAux
265,Passive,Sg,NoSubj,Nonreflexive,TRUE,Pf,SpatAdv,late,NoRelCl,NoAux
266,Active,Sg,Subj,Nonreflexive,FALSE,Pf,NoSpatAdv,late,NoRelCl,Aux
267,Passive,Sg,NoSubj,Nonreflexive,TRUE,Pf,SpatAdv,late,NoRelCl,NoAux
268,Passive,Sg,NoSubj,Nonreflexive,TRUE,Pf,SpatAdv,late,NoRelCl,NoAux
269,Active,Sg,Subj,Nonreflexive,TRUE,Pf,SpatAdv,late,NoRelCl,Aux
270,Passive,Sg,NoSubj,Nonreflexive,TRUE,Pf,SpatAdv,late,NoRelCl,NoAux
271,Active,Sg,Subj,Nonreflexive,FALSE,Pf,NoSpatAdv,late,NoRelCl,Aux
272,Active,Sg,Subj,Nonreflexive,FALSE,Impf,NoSpatAdv,late,RelCl,NoAux
273,Passive,Sg,NoSubj,Nonreflexive,TRUE,Pf,SpatAdv,late,NoRelCl,NoAux
274,Active,Sg,Subj,Nonreflexive,FALSE,Impf,NoSpatAdv,late,NoRelCl,NoAux
275,Active,Sg,Subj,Nonreflexive,FALSE,Pf,NoSpatAdv,late,NoRelCl,NoAux
276,Passive,Sg,NoSubj,Nonreflexive,TRUE,Pf,SpatAdv,late,NoRelCl,NoAux
277,Active,Sg,Subj,Nonreflexive,FALSE,Impf,NoSpatAdv,late,NoRelCl,Aux
278,Passive,Sg,NoSubj,Nonreflexive,TRUE,Pf,SpatAdv,late,NoRelCl,NoAux
279,Passive,Sg,NoSubj,Nonreflexive,TRUE,Pf,SpatAdv,late,NoRelCl,NoAux
280,Active,Sg,NoSubj,Reflexive,FALSE,Pf,NoSpatAdv,late,NoRelCl,Aux
281,Active,Sg,NoSubj,Nonreflexive,FALSE,Impf,NoSpatAdv,late,NoRelCl,Aux
282,Active,Sg,NoSubj,Nonreflexive,TRUE,Impf,NoSpatAdv,late,RelCl,Aux
283,Active,Pl,Subj,Nonreflexive,FALSE,Pf,NoSpatAdv,late,NoRelCl,NoAux
284,Passive,Sg,NoSubj,Nonreflexive,TRUE,Pf,SpatAdv,late,NoRelCl,NoAux
285,Active,Sg,Subj,Nonreflexive,TRUE,Pf,NoSpatAdv,late,NoRelCl,Aux
286,Active,Sg,NoSubj,Nonreflexive,FALSE,Pf,NoSpatAdv,late,NoRelCl,Aux
287,Active,Sg,NoSubj,Nonreflexive,TRUE,Impf,NoSpatAdv,late,RelCl,Aux
288,Active,Sg,Subj,Nonreflexive,TRUE,Impf,NoSpatAdv,late,NoRelCl,Aux
289,Passive,Sg,NoSubj,Nonreflexive,TRUE,Pf,SpatAdv,late,NoRelCl,NoAux
290,Active,Sg,Subj,Nonreflexive,TRUE,Pf,SpatAdv,late,NoRelCl,NoAux
291,Active,Sg,Subj,Nonreflexive,TRUE,Pf,NoSpatAdv,late,NoRelCl,NoAux
292,Active,Sg,Subj,Nonreflexive,FALSE,Pf,SpatAdv,late,NoRelCl,Aux
293,Active,Sg,Subj,Nonreflexive,TRUE,Pf,SpatAdv,late,NoRelCl,NoAux
294,Passive,Sg,NoSubj,Nonreflexive,TRUE,Pf,SpatAdv,late,NoRelCl,NoAux
295,Active,Sg,Subj,Nonreflexive,TRUE,Pf,SpatAdv,late,NoRelCl,NoAux
296,Active,Sg,Subj,Nonreflexive,TRUE,Pf,SpatAdv,late,NoRelCl,NoAux
297,Active,Sg,Subj,Nonreflexive,TRUE,Impf,SpatAdv,late,NoRelCl,NoAux
298,Active,Sg,Subj,Nonreflexive,TRUE,Pf,SpatAdv,late,NoRelCl,NoAux
299,Active,Sg,NoSubj,Reflexive,FALSE,Impf,NoSpatAdv,late,NoRelCl,NoAux
300,Active,Sg,NoSubj,Nonreflexive,TRUE,Impf,NoSpatAdv,late,NoRelCl,NoAux
301,Active,Sg,Subj,Nonreflexive,FALSE,Pf,NoSpatAdv,late,NoRelCl,NoAux
302,Active,Sg,NoSubj,Nonreflexive,TRUE,Pf,NoSpatAdv,late,NoRelCl,Aux
303,Active,Sg,Subj,Nonreflexive,TRUE,Pf,SpatAdv,late,NoRelCl,NoAux
304,Active,Sg,Subj,Nonreflexive,TRUE,Pf,SpatAdv,late,NoRelCl,NoAux
305,Active,Sg,NoSubj,Nonreflexive,TRUE,Pf,NoSpatAdv,late,NoRelCl,Aux
306,Active,Sg,Subj,Nonreflexive,FALSE,Pf,NoSpatAdv,late,NoRelCl,Aux
307,Passive,Sg,NoSubj,Nonreflexive,TRUE,Pf,SpatAdv,late,NoRelCl,NoAux
308,Passive,Sg,NoSubj,Nonreflexive,TRUE,Pf,SpatAdv,late,NoRelCl,NoAux
309,Active,Sg,Subj,Nonreflexive,TRUE,Impf,SpatAdv,late,RelCl,Aux
310,Active,Sg,Subj,Nonreflexive,TRUE,Pf,NoSpatAdv,late,NoRelCl,Aux
311,Active,Sg,NoSubj,Nonreflexive,TRUE,Pf,NoSpatAdv,late,NoRelCl,Aux
312,Active,Sg,NoSubj,Reflexive,FALSE,Pf,SpatAdv,late,NoRelCl,Aux
313,Passive,Sg,NoSubj,Nonreflexive,TRUE,Pf,SpatAdv,late,NoRelCl,NoAux
314,Active,Sg,Subj,Reflexive,TRUE,Pf,NoSpatAdv,late,NoRelCl,NoAux
315,Active,Sg,NoSubj,Nonreflexive,TRUE,Impf,SpatAdv,late,NoRelCl,Aux
316,Active,Sg,Subj,Nonreflexive,FALSE,Impf,NoSpatAdv,late,NoRelCl,Aux
317,Active,Sg,NoSubj,Reflexive,FALSE,Pf,SpatAdv,late,NoRelCl,Aux
318,Active,Sg,NoSubj,Nonreflexive,TRUE,Pf,NoSpatAdv,late,NoRelCl,NoAux
319,Active,Sg,Subj,Reflexive,TRUE,Pf,SpatAdv,late,NoRelCl,NoAux
320,Passive,Sg,NoSubj,Nonreflexive,TRUE,Pf,SpatAdv,late,NoRelCl,NoAux
321,Passive,Sg,Subj,Nonreflexive,TRUE,Pf,NoSpatAdv,late,NoRelCl,Aux
322,Active,Pl,NoSubj,Nonreflexive,TRUE,Pf,SpatAdv,late,NoRelCl,NoAux
323,Active,Sg,NoSubj,Reflexive,FALSE,Pf,NoSpatAdv,late,NoRelCl,NoAux
324,Active,Sg,NoSubj,Nonreflexive,TRUE,Impf,NoSpatAdv,late,NoRelCl,NoAux
325,Active,Sg,NoSubj,Nonreflexive,FALSE,Impf,SpatAdv,late,NoRelCl,NoAux
326,Active,Sg,Subj,Reflexive,FALSE,Pf,NoSpatAdv,late,NoRelCl,NoAux
327,Passive,Sg,NoSubj,Nonreflexive,TRUE,Pf,SpatAdv,late,NoRelCl,NoAux
328,Passive,Sg,Subj,Nonreflexive,TRUE,Pf,NoSpatAdv,late,NoRelCl,Aux
329,Passive,Sg,NoSubj,Nonreflexive,FALSE,Pf,SpatAdv,late,NoRelCl,Aux
330,Active,Sg,Subj,Nonreflexive,TRUE,Impf,NoSpatAdv,late,NoRelCl,Aux
331,Active,Sg,Subj,Nonreflexive,FALSE,Pf,NoSpatAdv,late,NoRelCl,Aux
332,Passive,Sg,NoSubj,Nonreflexive,TRUE,Pf,SpatAdv,late,NoRelCl,NoAux
333,Active,Sg,Subj,Nonreflexive,TRUE,Pf,NoSpatAdv,late,NoRelCl,Aux
334,Active,Sg,Subj,Reflexive,FALSE,Pf,SpatAdv,late,RelCl,Aux
335,Passive,Sg,NoSubj,Nonreflexive,TRUE,Pf,SpatAdv,late,NoRelCl,NoAux
336,Active,Sg,Subj,Nonreflexive,TRUE,Pf,NoSpatAdv,late,NoRelCl,Aux
337,Active,Sg,Subj,Nonreflexive,TRUE,Impf,NoSpatAdv,late,RelCl,NoAux
338,Active,Sg,Subj,Nonreflexive,TRUE,Impf,NoSpatAdv,late,RelCl,NoAux
339,Passive,Sg,NoSubj,Nonreflexive,TRUE,Pf,SpatAdv,late,NoRelCl,NoAux
340,Passive,Sg,Subj,Nonreflexive,TRUE,Pf,NoSpatAdv,late,NoRelCl,Aux
341,Passive,Sg,NoSubj,Nonreflexive,TRUE,Pf,SpatAdv,late,NoRelCl,NoAux
342,Active,Sg,Subj,Reflexive,FALSE,Pf,NoSpatAdv,late,NoRelCl,NoAux
343,Active,Sg,NoSubj,Reflexive,FALSE,Pf,NoSpatAdv,late,NoRelCl,NoAux
344,Passive,Sg,NoSubj,Nonreflexive,TRUE,Pf,SpatAdv,late,NoRelCl,NoAux
345,Active,Sg,NoSubj,Reflexive,TRUE,Pf,SpatAdv,late,NoRelCl,Aux
346,Active,Sg,Subj,Nonreflexive,FALSE,Impf,NoSpatAdv,late,NoRelCl,NoAux
347,Active,Sg,Subj,Nonreflexive,FALSE,Pf,NoSpatAdv,late,NoRelCl,Aux
348,Active,Sg,NoSubj,Reflexive,TRUE,Pf,NoSpatAdv,late,NoRelCl,NoAux
349,Active,Sg,Subj,Nonreflexive,FALSE,Pf,NoSpatAdv,late,NoRelCl,NoAux
350,Active,Sg,Subj,Nonreflexive,FALSE,Pf,NoSpatAdv,late,NoRelCl,NoAux
351,Passive,Sg,NoSubj,Nonreflexive,TRUE,Pf,SpatAdv,late,NoRelCl,NoAux
352,Active,Sg,Subj,Nonreflexive,TRUE,Pf,SpatAdv,late,NoRelCl,NoAux
353,Active,Sg,Subj,Nonreflexive,TRUE,Pf,SpatAdv,late,NoRelCl,NoAux
354,Active,Sg,NoSubj,Nonreflexive,TRUE,Pf,SpatAdv,late,NoRelCl,NoAux
355,Passive,Sg,NoSubj,Nonreflexive,TRUE,Pf,SpatAdv,late,NoRelCl,NoAux
356,Active,Sg,Subj,Nonreflexive,FALSE,Pf,NoSpatAdv,late,NoRelCl,NoAux
357,Active,Sg,NoSubj,Nonreflexive,FALSE,Pf,NoSpatAdv,late,NoRelCl,Aux
358,Active,Sg,Subj,Nonreflexive,FALSE,Pf,SpatAdv,late,NoRelCl,NoAux
359,Passive,Sg,NoSubj,Nonreflexive,TRUE,Pf,SpatAdv,late,NoRelCl,NoAux
360,Passive,Sg,NoSubj,Nonreflexive,TRUE,Pf,SpatAdv,late,NoRelCl,NoAux
361,Active,Sg,NoSubj,Nonreflexive,FALSE,Impf,NoSpatAdv,late,NoRelCl,NoAux
362,Active,Sg,NoSubj,Nonreflexive,TRUE,Impf,NoSpatAdv,late,NoRelCl,Aux
363,Active,Sg,NoSubj,Nonreflexive,TRUE,Pf,NoSpatAdv,late,NoRelCl,Aux
364,Active,Sg,NoSubj,Nonreflexive,FALSE,Impf,NoSpatAdv,late,NoRelCl,NoAux
365,Active,Sg,NoSubj,Nonreflexive,FALSE,Pf,NoSpatAdv,late,NoRelCl,NoAux
366,Active,Sg,NoSubj,Nonreflexive,FALSE,Impf,NoSpatAdv,late,NoRelCl,NoAux
367,Passive,Sg,NoSubj,Nonreflexive,TRUE,Pf,SpatAdv,late,NoRelCl,NoAux
368,Active,Sg,Subj,Nonreflexive,FALSE,Impf,SpatAdv,late,NoRelCl,NoAux
369,Passive,Sg,NoSubj,Nonreflexive,TRUE,Pf,SpatAdv,late,NoRelCl,NoAux
370,Active,Sg,Subj,Nonreflexive,TRUE,Impf,NoSpatAdv,late,NoRelCl,Aux
371,Active,Sg,Subj,Reflexive,FALSE,Pf,NoSpatAdv,late,NoRelCl,NoAux
372,Active,Sg,Subj,Nonreflexive,TRUE,Impf,NoSpatAdv,late,NoRelCl,NoAux
373,Passive,Sg,NoSubj,Nonreflexive,TRUE,Pf,SpatAdv,late,NoRelCl,NoAux
374,Active,Sg,Subj,Nonreflexive,TRUE,Impf,NoSpatAdv,late,NoRelCl,NoAux
375,Active,Sg,NoSubj,Nonreflexive,FALSE,Impf,NoSpatAdv,late,NoRelCl,Aux
376,Active,Sg,NoSubj,Nonreflexive,TRUE,Impf,NoSpatAdv,late,NoRelCl,NoAux
377,Active,Sg,Subj,Reflexive,TRUE,Pf,NoSpatAdv,late,RelCl,NoAux
378,Passive,Sg,NoSubj,Nonreflexive,FALSE,Impf,NoSpatAdv,late,RelCl,NoAux
379,Active,Sg,Subj,Nonreflexive,TRUE,Impf,NoSpatAdv,late,NoRelCl,Aux
380,Passive,Sg,NoSubj,Nonreflexive,TRUE,Pf,SpatAdv,late,NoRelCl,NoAux
381,Active,Sg,Subj,Nonreflexive,FALSE,Pf,NoSpatAdv,late,NoRelCl,Aux
382,Active,Sg,Subj,Nonreflexive,TRUE,Impf,SpatAdv,late,NoRelCl,NoAux
383,Passive,Sg,NoSubj,Nonreflexive,TRUE,Pf,SpatAdv,late,NoRelCl,NoAux
384,Passive,Sg,NoSubj,Nonreflexive,TRUE,Pf,SpatAdv,late,NoRelCl,NoAux
385,Active,Pl,Subj,Nonreflexive,FALSE,Impf,NoSpatAdv,late,NoRelCl,Aux
386,Active,Pl,Subj,Nonreflexive,FALSE,Pf,NoSpatAdv,late,NoRelCl,Aux
387,Active,Sg,NoSubj,Nonreflexive,FALSE,Impf,NoSpatAdv,late,RelCl,NoAux
388,Active,Sg,Subj,Nonreflexive,TRUE,Pf,NoSpatAdv,late,NoRelCl,Aux
389,Passive,Sg,NoSubj,Nonreflexive,TRUE,Pf,SpatAdv,late,NoRelCl,NoAux
390,Passive,Sg,NoSubj,Nonreflexive,TRUE,Pf,SpatAdv,late,NoRelCl,NoAux
391,Active,Sg,Subj,Nonreflexive,FALSE,Impf,NoSpatAdv,late,NoRelCl,NoAux
392,Active,Sg,NoSubj,Nonreflexive,FALSE,Impf,NoSpatAdv,late,NoRelCl,Aux
393,Active,Sg,Subj,Nonreflexive,TRUE,Pf,NoSpatAdv,late,NoRelCl,NoAux
394,Active,Sg,NoSubj,Nonreflexive,FALSE,Impf,NoSpatAdv,late,NoRelCl,NoAux
395,Active,Sg,Subj,Nonreflexive,FALSE,Pf,NoSpatAdv,late,NoRelCl,NoAux
396,Active,Pl,NoSubj,Nonreflexive,TRUE,Pf,NoSpatAdv,late,NoRelCl,NoAux
397,Active,Sg,Subj,Nonreflexive,FALSE,Impf,NoSpatAdv,late,NoRelCl,NoAux
398,Passive,Sg,Subj,Nonreflexive,TRUE,Pf,NoSpatAdv,late,NoRelCl,Aux
399,Active,Sg,Subj,Nonreflexive,FALSE,Impf,NoSpatAdv,late,RelCl,Aux
400,Passive,Sg,NoSubj,Nonreflexive,TRUE,Pf,SpatAdv,late,NoRelCl,NoAux
401,Active,Sg,Subj,Nonreflexive,FALSE,Impf,NoSpatAdv,late,RelCl,Aux
402,Passive,Sg,NoSubj,Nonreflexive,TRUE,Pf,SpatAdv,late,NoRelCl,NoAux
403,Active,Sg,Subj,Nonreflexive,TRUE,Impf,NoSpatAdv,late,NoRelCl,NoAux
404,Active,Sg,Subj,Nonreflexive,TRUE,Impf,NoSpatAdv,late,NoRelCl,NoAux
405,Active,Sg,NoSubj,Nonreflexive,FALSE,Impf,NoSpatAdv,late,RelCl,Aux
406,Active,Pl,NoSubj,Nonreflexive,FALSE,Pf,SpatAdv,late,NoRelCl,Aux
407,Active,Sg,Subj,Nonreflexive,TRUE,Impf,NoSpatAdv,late,RelCl,NoAux
408,Active,Sg,Subj,Nonreflexive,TRUE,Impf,NoSpatAdv,late,RelCl,NoAux
409,Active,Sg,Subj,Nonreflexive,TRUE,Impf,NoSpatAdv,late,RelCl,NoAux
410,Passive,Sg,NoSubj,Nonreflexive,FALSE,Pf,NoSpatAdv,late,RelCl,Aux
411,Passive,Sg,NoSubj,Nonreflexive,FALSE,Impf,NoSpatAdv,late,RelCl,Aux
412,Active,Sg,Subj,Reflexive,TRUE,Pf,SpatAdv,late,RelCl,Aux
413,Active,Sg,Subj,Nonreflexive,TRUE,Pf,SpatAdv,late,RelCl,Aux
414,Active,Sg,Subj,Nonreflexive,TRUE,Pf,SpatAdv,late,RelCl,Aux
415,Active,Sg,Subj,Nonreflexive,FALSE,Impf,SpatAdv,late,RelCl,Aux
416,Passive,Sg,Subj,Nonreflexive,FALSE,Pf,NoSpatAdv,late,RelCl,NoAux
417,Active,Sg,NoSubj,Nonreflexive,TRUE,Pf,SpatAdv,late,RelCl,NoAux
418,Active,Sg,NoSubj,Nonreflexive,TRUE,Pf,SpatAdv,late,RelCl,Aux
419,Active,Sg,Subj,Nonreflexive,TRUE,Pf,NoSpatAdv,late,NoRelCl,NoAux
420,Active,Pl,Subj,Nonreflexive,FALSE,Impf,SpatAdv,late,RelCl,NoAux
421,Active,Pl,NoSubj,Nonreflexive,TRUE,Impf,NoSpatAdv,late,RelCl,Aux
422,Active,Pl,NoSubj,Nonreflexive,TRUE,Impf,NoSpatAdv,late,RelCl,Aux
423,Active,Sg,NoSubj,Nonreflexive,TRUE,Impf,NoSpatAdv,late,NoRelCl,NoAux
424,Active,Pl,NoSubj,Nonreflexive,TRUE,Impf,NoSpatAdv,late,NoRelCl,NoAux
425,Active,Pl,NoSubj,Nonreflexive,TRUE,Impf,NoSpatAdv,late,NoRelCl,NoAux
426,Active,Sg,NoSubj,Nonreflexive,TRUE,Pf,SpatAdv,late,RelCl,Aux
427,Active,Sg,NoSubj,Nonreflexive,TRUE,Pf,NoSpatAdv,late,NoRelCl,NoAux
428,Active,Sg,NoSubj,Nonreflexive,TRUE,Pf,SpatAdv,late,RelCl,NoAux
429,Active,Pl,Subj,Nonreflexive,TRUE,Pf,NoSpatAdv,late,NoRelCl,NoAux
430,Active,Sg,Subj,Reflexive,TRUE,Pf,NoSpatAdv,late,RelCl,Aux
431,Active,Sg,Subj,Nonreflexive,TRUE,Pf,SpatAdv,late,NoRelCl,Aux
432,Active,Sg,Subj,Nonreflexive,TRUE,Pf,NoSpatAdv,late,NoRelCl,Aux
433,Active,Pl,NoSubj,Nonreflexive,TRUE,Impf,NoSpatAdv,late,RelCl,NoAux
434,Active,Pl,Subj,Nonreflexive,TRUE,Pf,NoSpatAdv,late,NoRelCl,NoAux
435,Active,Sg,Subj,Nonreflexive,TRUE,Pf,NoSpatAdv,late,NoRelCl,NoAux
436,Active,Pl,Subj,Nonreflexive,TRUE,Impf,NoSpatAdv,late,NoRelCl,NoAux
437,Active,Sg,Subj,Nonreflexive,TRUE,Pf,NoSpatAdv,late,NoRelCl,NoAux
438,Passive,Sg,NoSubj,Nonreflexive,TRUE,Pf,SpatAdv,late,NoRelCl,NoAux
439,Active,Sg,Subj,Nonreflexive,FALSE,Impf,NoSpatAdv,late,RelCl,NoAux
440,Passive,Sg,Subj,Nonreflexive,FALSE,Pf,NoSpatAdv,late,RelCl,Aux
441,Active,Sg,NoSubj,Nonreflexive,FALSE,Pf,SpatAdv,late,RelCl,Aux
442,Active,Sg,Subj,Reflexive,FALSE,Pf,SpatAdv,late,RelCl,Aux
443,Passive,Sg,NoSubj,Nonreflexive,FALSE,Pf,NoSpatAdv,late,RelCl,Aux
444,Active,Sg,Subj,Nonreflexive,FALSE,Impf,NoSpatAdv,late,NoRelCl,Aux
445,Active,Sg,NoSubj,Nonreflexive,FALSE,Pf,NoSpatAdv,late,NoRelCl,Aux
446,Active,Sg,Subj,Reflexive,FALSE,Impf,NoSpatAdv,late,NoRelCl,NoAux
447,Active,Sg,Subj,Nonreflexive,FALSE,Impf,NoSpatAdv,late,NoRelCl,NoAux
448,Active,Sg,Subj,Nonreflexive,TRUE,Impf,NoSpatAdv,late,NoRelCl,NoAux
449,Active,Sg,NoSubj,Nonreflexive,TRUE,Impf,NoSpatAdv,late,RelCl,Aux
450,Active,Sg,NoSubj,Nonreflexive,TRUE,Impf,SpatAdv,late,NoRelCl,NoAux
451,Active,Sg,NoSubj,Nonreflexive,TRUE,Impf,NoSpatAdv,late,NoRelCl,Aux
452,Active,Sg,Subj,Reflexive,TRUE,Pf,NoSpatAdv,late,NoRelCl,Aux
453,Active,Sg,Subj,Nonreflexive,TRUE,Pf,NoSpatAdv,late,NoRelCl,Aux
454,Active,Sg,NoSubj,Nonreflexive,FALSE,Pf,NoSpatAdv,late,NoRelCl,Aux
455,Active,Sg,NoSubj,Nonreflexive,TRUE,Pf,NoSpatAdv,late,NoRelCl,NoAux
456,Active,Sg,Subj,Nonreflexive,TRUE,Impf,SpatAdv,late,NoRelCl,NoAux
457,Active,Sg,Subj,Nonreflexive,FALSE,Impf,NoSpatAdv,late,NoRelCl,NoAux
458,Active,Sg,NoSubj,Nonreflexive,TRUE,Impf,NoSpatAdv,late,NoRelCl,NoAux
459,Active,Sg,Subj,Nonreflexive,FALSE,Pf,NoSpatAdv,late,NoRelCl,Aux
460,Passive,Sg,NoSubj,Nonreflexive,TRUE,Pf,SpatAdv,late,NoRelCl,NoAux
461,Active,Sg,NoSubj,Nonreflexive,TRUE,Impf,NoSpatAdv,late,RelCl,Aux
462,Active,Pl,NoSubj,Nonreflexive,TRUE,Pf,NoSpatAdv,late,NoRelCl,NoAux
463,Active,Sg,Subj,Nonreflexive,TRUE,Pf,NoSpatAdv,late,NoRelCl,Aux
464,Active,Sg,Subj,Nonreflexive,TRUE,Pf,NoSpatAdv,late,RelCl,NoAux
465,Passive,Sg,NoSubj,Nonreflexive,TRUE,Pf,SpatAdv,late,NoRelCl,NoAux
466,Passive,Sg,Subj,Nonreflexive,TRUE,Impf,SpatAdv,late,NoRelCl,NoAux
467,Passive,Sg,NoSubj,Nonreflexive,FALSE,Impf,NoSpatAdv,late,NoRelCl,Aux
468,Active,Pl,Subj,Nonreflexive,TRUE,Pf,NoSpatAdv,late,RelCl,Aux
469,Active,Pl,Subj,Nonreflexive,FALSE,Impf,NoSpatAdv,late,RelCl,Aux
470,Active,Pl,Subj,Nonreflexive,FALSE,Impf,SpatAdv,late,RelCl,NoAux
471,Passive,Sg,Subj,Nonreflexive,TRUE,Pf,NoSpatAdv,late,NoRelCl,NoAux
472,Active,Sg,NoSubj,Nonreflexive,TRUE,Impf,NoSpatAdv,late,RelCl,NoAux
473,Active,Sg,Subj,Nonreflexive,TRUE,Impf,SpatAdv,late,RelCl,Aux
474,Active,Sg,Subj,Nonreflexive,TRUE,Impf,NoSpatAdv,late,RelCl,Aux
475,Active,Sg,Subj,Nonreflexive,FALSE,Pf,NoSpatAdv,late,RelCl,Aux
476,Active,Sg,Subj,Reflexive,TRUE,Impf,NoSpatAdv,late,NoRelCl,Aux
477,Active,Sg,Subj,Nonreflexive,FALSE,Pf,NoSpatAdv,late,NoRelCl,Aux
478,Passive,Sg,NoSubj,Nonreflexive,TRUE,Pf,SpatAdv,late,NoRelCl,NoAux
479,Passive,Pl,Subj,Nonreflexive,TRUE,Pf,NoSpatAdv,late,RelCl,Aux
480,Passive,Sg,NoSubj,Nonreflexive,TRUE,Pf,SpatAdv,late,NoRelCl,NoAux
481,Passive,Sg,Subj,Nonreflexive,TRUE,Impf,NoSpatAdv,late,NoRelCl,Aux
482,Active,Sg,Subj,Nonreflexive,FALSE,Pf,NoSpatAdv,late,NoRelCl,Aux
483,Passive,Sg,Subj,Nonreflexive,FALSE,Pf,SpatAdv,late,NoRelCl,Aux
484,Passive,Sg,NoSubj,Nonreflexive,TRUE,Pf,SpatAdv,late,NoRelCl,NoAux
485,Active,Sg,Subj,Reflexive,FALSE,Pf,NoSpatAdv,late,NoRelCl,NoAux
486,Active,Sg,Subj,Nonreflexive,TRUE,Impf,NoSpatAdv,late,NoRelCl,NoAux
487,Active,Sg,NoSubj,Nonreflexive,TRUE,Impf,NoSpatAdv,late,NoRelCl,NoAux
488,Active,Sg,NoSubj,Nonreflexive,FALSE,Impf,NoSpatAdv,late,NoRelCl,Aux
489,Active,Sg,NoSubj,Nonreflexive,TRUE,Impf,NoSpatAdv,late,NoRelCl,Aux
490,Passive,Sg,NoSubj,Nonreflexive,TRUE,Pf,NoSpatAdv,late,NoRelCl,NoAux
491,Active,Sg,Subj,Nonreflexive,FALSE,Pf,SpatAdv,late,NoRelCl,Aux
492,Active,Sg,Subj,Nonreflexive,FALSE,Impf,NoSpatAdv,late,NoRelCl,Aux
493,Passive,Sg,NoSubj,Nonreflexive,TRUE,Pf,SpatAdv,late,NoRelCl,NoAux
494,Active,Pl,NoSubj,Nonreflexive,TRUE,Impf,NoSpatAdv,late,NoRelCl,NoAux
495,Active,Sg,Subj,Nonreflexive,FALSE,Pf,NoSpatAdv,late,NoRelCl,NoAux
496,Active,Sg,Subj,Nonreflexive,FALSE,Impf,NoSpatAdv,late,NoRelCl,NoAux
497,Active,Sg,Subj,Nonreflexive,FALSE,Impf,NoSpatAdv,late,NoRelCl,Aux
498,Active,Sg,Subj,Nonreflexive,FALSE,Impf,NoSpatAdv,late,NoRelCl,Aux
499,Passive,Sg,Subj,Nonreflexive,TRUE,Pf,NoSpatAdv,late,RelCl,Aux
500,Active,Sg,Subj,Nonreflexive,TRUE,Pf,NoSpatAdv,late,RelCl,Aux
501,Active,Sg,Subj,Nonreflexive,TRUE,Pf,NoSpatAdv,late,NoRelCl,Aux
502,Active,Sg,NoSubj,Nonreflexive,TRUE,Impf,NoSpatAdv,late,NoRelCl,NoAux
503,Active,Sg,NoSubj,Nonreflexive,TRUE,Impf,NoSpatAdv,late,NoRelCl,NoAux
504,Passive,Sg,NoSubj,Nonreflexive,TRUE,Pf,SpatAdv,late,NoRelCl,NoAux
505,Active,Sg,NoSubj,Nonreflexive,FALSE,Impf,NoSpatAdv,late,NoRelCl,NoAux
506,Active,Pl,NoSubj,Nonreflexive,TRUE,Impf,NoSpatAdv,late,NoRelCl,NoAux
507,Passive,Sg,NoSubj,Nonreflexive,TRUE,Pf,SpatAdv,late,NoRelCl,NoAux
508,Active,Sg,NoSubj,Nonreflexive,TRUE,Pf,NoSpatAdv,late,NoRelCl,Aux
509,Active,Sg,NoSubj,Nonreflexive,FALSE,Impf,NoSpatAdv,late,NoRelCl,NoAux
510,Active,Sg,NoSubj,Nonreflexive,FALSE,Impf,NoSpatAdv,late,NoRelCl,NoAux
511,Active,Sg,NoSubj,Nonreflexive,FALSE,Impf,NoSpatAdv,late,NoRelCl,NoAux
512,Active,Sg,NoSubj,Nonreflexive,FALSE,Impf,NoSpatAdv,late,NoRelCl,NoAux
513,Active,Sg,NoSubj,Nonreflexive,TRUE,Pf,NoSpatAdv,late,RelCl,NoAux
514,Active,Sg,Subj,Nonreflexive,TRUE,Pf,NoSpatAdv,late,RelCl,NoAux
515,Passive,Sg,NoSubj,Nonreflexive,TRUE,Pf,SpatAdv,late,NoRelCl,Aux
516,Active,Sg,NoSubj,Nonreflexive,TRUE,Impf,SpatAdv,late,NoRelCl,NoAux
517,Active,Sg,Subj,Reflexive,TRUE,Pf,NoSpatAdv,late,NoRelCl,Aux
518,Active,Sg,Subj,Reflexive,TRUE,Pf,NoSpatAdv,late,RelCl,NoAux
519,Passive,Pl,Subj,Nonreflexive,FALSE,Pf,SpatAdv,late,NoRelCl,NoAux
520,Passive,Sg,Subj,Nonreflexive,TRUE,Impf,NoSpatAdv,late,RelCl,NoAux
521,Active,Sg,Subj,Nonreflexive,TRUE,Pf,NoSpatAdv,late,RelCl,Aux
522,Active,Sg,NoSubj,Nonreflexive,TRUE,Impf,NoSpatAdv,late,NoRelCl,Aux
523,Active,Sg,Subj,Reflexive,FALSE,Pf,NoSpatAdv,late,RelCl,Aux
524,Active,Sg,NoSubj,Nonreflexive,FALSE,Pf,SpatAdv,late,NoRelCl,Aux
525,Passive,Sg,NoSubj,Nonreflexive,FALSE,Pf,SpatAdv,late,RelCl,Aux
526,Passive,Sg,NoSubj,Nonreflexive,TRUE,Pf,SpatAdv,late,NoRelCl,NoAux
527,Active,Sg,Subj,Nonreflexive,TRUE,Impf,SpatAdv,late,NoRelCl,Aux
528,Active,Sg,Subj,Nonreflexive,FALSE,Impf,NoSpatAdv,late,RelCl,NoAux
529,Active,Sg,Subj,Nonreflexive,FALSE,Pf,NoSpatAdv,late,RelCl,NoAux
530,Active,Sg,Subj,Reflexive,FALSE,Pf,SpatAdv,late,NoRelCl,Aux
531,Active,Sg,Subj,Reflexive,TRUE,Pf,NoSpatAdv,late,NoRelCl,Aux
532,Active,Sg,Subj,Nonreflexive,FALSE,Impf,NoSpatAdv,late,RelCl,NoAux
533,Active,Sg,Subj,Nonreflexive,TRUE,Pf,NoSpatAdv,late,NoRelCl,Aux
534,Active,Sg,NoSubj,Nonreflexive,FALSE,Impf,NoSpatAdv,late,RelCl,Aux
535,Active,Sg,Subj,Reflexive,TRUE,Pf,SpatAdv,late,RelCl,NoAux
536,Active,Sg,Subj,Nonreflexive,TRUE,Impf,NoSpatAdv,late,RelCl,Aux
537,Active,Pl,Subj,Nonreflexive,FALSE,Impf,NoSpatAdv,late,RelCl,NoAux
538,Active,Pl,Subj,Nonreflexive,FALSE,Impf,NoSpatAdv,late,NoRelCl,Aux
539,Active,Sg,Subj,Nonreflexive,TRUE,Impf,NoSpatAdv,late,NoRelCl,Aux
540,Active,Pl,Subj,Nonreflexive,TRUE,Impf,NoSpatAdv,late,NoRelCl,Aux
541,Active,Sg,Subj,Nonreflexive,TRUE,Pf,NoSpatAdv,late,NoRelCl,Aux
542,Passive,Sg,Subj,Nonreflexive,FALSE,Pf,NoSpatAdv,late,NoRelCl,Aux
543,Passive,Sg,NoSubj,Nonreflexive,TRUE,Pf,NoSpatAdv,late,NoRelCl,NoAux
544,Active,Pl,Subj,Nonreflexive,FALSE,Impf,NoSpatAdv,late,RelCl,NoAux
545,Active,Sg,NoSubj,Reflexive,FALSE,Pf,NoSpatAdv,late,RelCl,NoAux
546,Active,Sg,Subj,Nonreflexive,FALSE,Pf,NoSpatAdv,late,NoRelCl,NoAux
547,Active,Pl,Subj,Nonreflexive,FALSE,Pf,NoSpatAdv,late,NoRelCl,NoAux
548,Active,Sg,NoSubj,Nonreflexive,FALSE,Impf,NoSpatAdv,late,NoRelCl,Aux
549,Active,Sg,Subj,Nonreflexive,TRUE,Impf,NoSpatAdv,late,NoRelCl,NoAux
550,Active,Sg,Subj,Nonreflexive,FALSE,Impf,NoSpatAdv,late,NoRelCl,Aux
551,Active,Sg,Subj,Nonreflexive,TRUE,Pf,NoSpatAdv,late,NoRelCl,NoAux
552,Active,Sg,Subj,Nonreflexive,TRUE,Pf,NoSpatAdv,late,NoRelCl,NoAux
553,Active,Sg,NoSubj,Nonreflexive,TRUE,Pf,NoSpatAdv,late,NoRelCl,NoAux
554,Passive,Sg,NoSubj,Nonreflexive,TRUE,Pf,SpatAdv,late,NoRelCl,NoAux
555,Passive,Pl,Subj,Nonreflexive,TRUE,Pf,NoSpatAdv,late,NoRelCl,NoAux
556,Active,Sg,Subj,Reflexive,TRUE,Pf,NoSpatAdv,late,NoRelCl,NoAux
557,Passive,Pl,Subj,Nonreflexive,TRUE,Pf,NoSpatAdv,late,RelCl,Aux
558,Active,Sg,NoSubj,Nonreflexive,TRUE,Impf,SpatAdv,late,NoRelCl,NoAux
559,Passive,Sg,NoSubj,Nonreflexive,FALSE,Pf,NoSpatAdv,late,NoRelCl,Aux
560,Active,Sg,NoSubj,Reflexive,FALSE,Pf,NoSpatAdv,late,NoRelCl,Aux
561,Active,Sg,NoSubj,Nonreflexive,FALSE,Impf,NoSpatAdv,late,NoRelCl,Aux
562,Active,Sg,NoSubj,Nonreflexive,FALSE,Pf,NoSpatAdv,late,NoRelCl,NoAux
563,Active,Sg,NoSubj,Nonreflexive,FALSE,Impf,NoSpatAdv,late,NoRelCl,NoAux
564,Active,Sg,Subj,Nonreflexive,TRUE,Pf,SpatAdv,late,RelCl,Aux
565,Active,Pl,Subj,Nonreflexive,FALSE,Impf,NoSpatAdv,late,NoRelCl,NoAux
566,Passive,Pl,Subj,Nonreflexive,FALSE,Pf,NoSpatAdv,late,NoRelCl,Aux
567,Active,Sg,Subj,Nonreflexive,TRUE,Impf,NoSpatAdv,late,NoRelCl,NoAux
568,Active,Sg,NoSubj,Nonreflexive,FALSE,Pf,NoSpatAdv,late,NoRelCl,Aux
569,Active,Pl,Subj,Nonreflexive,FALSE,Pf,NoSpatAdv,late,NoRelCl,NoAux
570,Active,Pl,NoSubj,Reflexive,TRUE,Impf,SpatAdv,late,NoRelCl,Aux
571,Active,Pl,NoSubj,Reflexive,TRUE,Impf,SpatAdv,late,NoRelCl,Aux
572,Active,Sg,Subj,Nonreflexive,TRUE,Impf,SpatAdv,late,RelCl,Aux
573,Active,Sg,Subj,Reflexive,TRUE,Impf,SpatAdv,late,RelCl,Aux
574,Active,Sg,Subj,Nonreflexive,TRUE,Impf,SpatAdv,late,RelCl,Aux
575,Active,Pl,NoSubj,Nonreflexive,TRUE,Impf,SpatAdv,late,NoRelCl,Aux
576,Passive,Pl,NoSubj,Nonreflexive,TRUE,Pf,NoSpatAdv,late,NoRelCl,Aux
577,Passive,Pl,NoSubj,Nonreflexive,TRUE,Pf,NoSpatAdv,late,NoRelCl,Aux
578,Active,Pl,NoSubj,Nonreflexive,FALSE,Pf,NoSpatAdv,late,RelCl,Aux
579,Passive,Pl,Subj,Nonreflexive,FALSE,Pf,NoSpatAdv,late,RelCl,NoAux
580,Active,Pl,Subj,Nonreflexive,FALSE,Pf,NoSpatAdv,late,RelCl,Aux
581,Active,Sg,Subj,Nonreflexive,FALSE,Pf,NoSpatAdv,late,NoRelCl,NoAux
582,Active,Pl,Subj,Nonreflexive,FALSE,Pf,NoSpatAdv,late,NoRelCl,NoAux
583,Active,Sg,Subj,Reflexive,FALSE,Pf,NoSpatAdv,late,NoRelCl,NoAux
584,Active,Sg,Subj,Nonreflexive,FALSE,Impf,NoSpatAdv,late,NoRelCl,NoAux
585,Active,Sg,Subj,Nonreflexive,FALSE,Impf,NoSpatAdv,late,NoRelCl,NoAux
586,Active,Sg,Subj,Nonreflexive,FALSE,Pf,SpatAdv,late,NoRelCl,NoAux
587,Active,Sg,Subj,Nonreflexive,FALSE,Pf,NoSpatAdv,late,NoRelCl,NoAux
588,Active,Sg,Subj,Nonreflexive,FALSE,Pf,NoSpatAdv,late,NoRelCl,NoAux
589,Active,Sg,Subj,Nonreflexive,FALSE,Impf,NoSpatAdv,late,NoRelCl,Aux
590,Active,Sg,Subj,Nonreflexive,FALSE,Impf,NoSpatAdv,late,NoRelCl,Aux
591,Active,Sg,Subj,Nonreflexive,FALSE,Pf,NoSpatAdv,late,RelCl,Aux
592,Passive,Sg,Subj,Nonreflexive,FALSE,Pf,NoSpatAdv,late,RelCl,Aux
593,Passive,Pl,Subj,Nonreflexive,FALSE,Impf,NoSpatAdv,late,NoRelCl,Aux
594,Passive,Sg,Subj,Nonreflexive,FALSE,Pf,NoSpatAdv,late,NoRelCl,Aux
595,Passive,Sg,Subj,Nonreflexive,TRUE,Impf,NoSpatAdv,late,RelCl,NoAux
596,Active,Sg,NoSubj,Nonreflexive,TRUE,Pf,NoSpatAdv,late,RelCl,NoAux
597,Active,Sg,Subj,Nonreflexive,TRUE,Impf,NoSpatAdv,late,RelCl,NoAux
598,Active,Sg,Subj,Nonreflexive,FALSE,Impf,NoSpatAdv,late,NoRelCl,Aux
599,Active,Sg,NoSubj,Nonreflexive,TRUE,Impf,NoSpatAdv,late,NoRelCl,NoAux
600,Active,Sg,NoSubj,Nonreflexive,FALSE,Impf,NoSpatAdv,late,RelCl,NoAux
601,Active,Sg,NoSubj,Nonreflexive,FALSE,Pf,NoSpatAdv,late,RelCl,NoAux
602,Active,Sg,NoSubj,Nonreflexive,FALSE,Impf,NoSpatAdv,late,NoRelCl,NoAux
603,Active,Sg,NoSubj,Nonreflexive,FALSE,Pf,NoSpatAdv,late,NoRelCl,NoAux
604,Active,Sg,NoSubj,Nonreflexive,FALSE,Pf,NoSpatAdv,late,NoRelCl,NoAux
605,Active,Sg,NoSubj,Nonreflexive,TRUE,Pf,NoSpatAdv,late,NoRelCl,NoAux
606,Active,Sg,NoSubj,Nonreflexive,TRUE,Pf,NoSpatAdv,late,NoRelCl,NoAux
607,Passive,Sg,NoSubj,Nonreflexive,TRUE,Pf,NoSpatAdv,late,NoRelCl,NoAux
608,Active,Sg,Subj,Nonreflexive,FALSE,Impf,SpatAdv,late,NoRelCl,NoAux
609,Active,Pl,Subj,Nonreflexive,FALSE,Impf,NoSpatAdv,late,NoRelCl,Aux
610,Active,Pl,Subj,Nonreflexive,FALSE,Pf,NoSpatAdv,late,NoRelCl,NoAux
611,Active,Pl,NoSubj,Nonreflexive,TRUE,Impf,SpatAdv,late,NoRelCl,Aux
612,Active,Sg,NoSubj,Nonreflexive,FALSE,Impf,NoSpatAdv,late,NoRelCl,NoAux
613,Active,Pl,Subj,Nonreflexive,TRUE,Impf,NoSpatAdv,late,RelCl,NoAux
614,Active,Sg,Subj,Nonreflexive,TRUE,Impf,NoSpatAdv,late,NoRelCl,NoAux
615,Active,Sg,Subj,Nonreflexive,TRUE,Impf,NoSpatAdv,late,NoRelCl,Aux
616,Passive,Sg,NoSubj,Nonreflexive,TRUE,Pf,SpatAdv,late,NoRelCl,NoAux
617,Passive,Sg,NoSubj,Nonreflexive,TRUE,Pf,SpatAdv,late,NoRelCl,NoAux
618,Passive,Sg,Subj,Nonreflexive,TRUE,Pf,NoSpatAdv,late,NoRelCl,NoAux
619,Passive,Sg,Subj,Nonreflexive,TRUE,Pf,NoSpatAdv,late,RelCl,NoAux
620,Passive,Sg,NoSubj,Nonreflexive,TRUE,Pf,SpatAdv,late,NoRelCl,NoAux
621,Active,Sg,Subj,Nonreflexive,FALSE,Pf,NoSpatAdv,late,NoRelCl,Aux
622,Active,Sg,Subj,Reflexive,FALSE,Pf,NoSpatAdv,late,NoRelCl,Aux
623,Active,Sg,Subj,Reflexive,TRUE,Pf,NoSpatAdv,late,NoRelCl,NoAux
624,Active,Sg,Subj,Nonreflexive,FALSE,Impf,NoSpatAdv,late,NoRelCl,Aux
625,Active,Sg,Subj,Nonreflexive,TRUE,Impf,NoSpatAdv,late,NoRelCl,NoAux
626,Active,Sg,Subj,Reflexive,TRUE,Pf,NoSpatAdv,late,NoRelCl,Aux
627,Active,Sg,Subj,Nonreflexive,FALSE,Impf,NoSpatAdv,late,NoRelCl,Aux
628,Active,Sg,Subj,Nonreflexive,FALSE,Impf,NoSpatAdv,late,NoRelCl,Aux
629,Passive,Sg,Subj,Nonreflexive,TRUE,Pf,SpatAdv,late,NoRelCl,Aux
630,Active,Pl,Subj,Nonreflexive,TRUE,Impf,NoSpatAdv,late,NoRelCl,Aux
631,Active,Sg,Subj,Nonreflexive,FALSE,Pf,NoSpatAdv,late,NoRelCl,Aux
632,Passive,Pl,Subj,Nonreflexive,FALSE,Pf,NoSpatAdv,late,NoRelCl,Aux
633,Passive,Pl,Subj,Nonreflexive,FALSE,Pf,NoSpatAdv,late,NoRelCl,NoAux
634,Active,Pl,Subj,Reflexive,FALSE,Pf,NoSpatAdv,late,NoRelCl,Aux
635,Active,Pl,NoSubj,Nonreflexive,FALSE,Pf,NoSpatAdv,late,NoRelCl,Aux
636,Active,Pl,Subj,Nonreflexive,FALSE,Pf,NoSpatAdv,late,NoRelCl,Aux
637,Active,Sg,NoSubj,Reflexive,FALSE,Pf,NoSpatAdv,late,NoRelCl,NoAux
638,Active,Sg,NoSubj,Nonreflexive,TRUE,Impf,NoSpatAdv,late,NoRelCl,NoAux
639,Active,Pl,NoSubj,Nonreflexive,FALSE,Impf,NoSpatAdv,late,NoRelCl,NoAux
640,Active,Pl,Subj,Nonreflexive,FALSE,Impf,NoSpatAdv,late,NoRelCl,NoAux
641,Active,Sg,Subj,Nonreflexive,FALSE,Pf,NoSpatAdv,late,NoRelCl,NoAux
642,Active,Sg,NoSubj,Nonreflexive,TRUE,Pf,NoSpatAdv,late,NoRelCl,NoAux
643,Active,Sg,NoSubj,Nonreflexive,TRUE,Impf,NoSpatAdv,late,NoRelCl,NoAux
644,Active,Sg,NoSubj,Nonreflexive,TRUE,Pf,NoSpatAdv,late,NoRelCl,NoAux
645,Active,Sg,Subj,Nonreflexive,TRUE,Pf,NoSpatAdv,late,NoRelCl,Aux
646,Active,Sg,Subj,Nonreflexive,TRUE,Pf,SpatAdv,late,RelCl,NoAux
647,Active,Sg,Subj,Nonreflexive,TRUE,Pf,NoSpatAdv,late,NoRelCl,Aux
648,Active,Sg,Subj,Nonreflexive,TRUE,Pf,NoSpatAdv,late,NoRelCl,Aux
649,Passive,Pl,Subj,Nonreflexive,FALSE,Pf,NoSpatAdv,late,NoRelCl,Aux
650,Passive,Sg,Subj,Nonreflexive,TRUE,Pf,SpatAdv,late,NoRelCl,Aux
651,Passive,Sg,Subj,Nonreflexive,TRUE,Pf,SpatAdv,late,NoRelCl,Aux
652,Passive,Sg,Subj,Nonreflexive,FALSE,Pf,NoSpatAdv,late,NoRelCl,Aux
653,Passive,Pl,Subj,Nonreflexive,FALSE,Pf,NoSpatAdv,late,NoRelCl,Aux
654,Passive,Pl,Subj,Nonreflexive,FALSE,Pf,NoSpatAdv,late,NoRelCl,Aux
655,Passive,Sg,NoSubj,Nonreflexive,FALSE,Pf,SpatAdv,late,NoRelCl,Aux
656,Passive,Sg,Subj,Nonreflexive,TRUE,Pf,SpatAdv,late,RelCl,Aux
657,Passive,Sg,Subj,Nonreflexive,TRUE,Pf,SpatAdv,late,RelCl,Aux
658,Passive,Sg,Subj,Nonreflexive,TRUE,Pf,SpatAdv,late,RelCl,Aux
659,Active,Sg,NoSubj,Nonreflexive,TRUE,Pf,SpatAdv,late,RelCl,Aux
660,Active,Sg,NoSubj,Reflexive,FALSE,Pf,SpatAdv,late,RelCl,Aux
661,Active,Sg,Subj,Reflexive,FALSE,Pf,NoSpatAdv,late,RelCl,NoAux
662,Active,Sg,Subj,Nonreflexive,FALSE,Impf,NoSpatAdv,late,NoRelCl,NoAux
663,Active,Sg,Subj,Nonreflexive,FALSE,Impf,NoSpatAdv,late,NoRelCl,NoAux
664,Active,Pl,NoSubj,Nonreflexive,TRUE,Impf,NoSpatAdv,late,NoRelCl,NoAux
665,Active,Pl,Subj,Nonreflexive,TRUE,Impf,NoSpatAdv,late,NoRelCl,NoAux
666,Active,Sg,Subj,Nonreflexive,TRUE,Pf,NoSpatAdv,late,NoRelCl,NoAux
667,Active,Sg,NoSubj,Reflexive,TRUE,Pf,SpatAdv,late,NoRelCl,NoAux
668,Active,Sg,Subj,Nonreflexive,TRUE,Pf,NoSpatAdv,late,NoRelCl,NoAux
669,Active,Sg,Subj,Nonreflexive,TRUE,Impf,NoSpatAdv,late,RelCl,NoAux
670,Active,Sg,Subj,Nonreflexive,FALSE,Impf,NoSpatAdv,late,NoRelCl,NoAux
671,Active,Pl,Subj,Nonreflexive,FALSE,Impf,NoSpatAdv,late,NoRelCl,NoAux
672,Active,Sg,Subj,Nonreflexive,FALSE,Pf,NoSpatAdv,late,NoRelCl,NoAux
673,Active,Sg,NoSubj,Nonreflexive,FALSE,Impf,NoSpatAdv,late,NoRelCl,NoAux
674,Active,Sg,NoSubj,Nonreflexive,FALSE,Pf,NoSpatAdv,late,NoRelCl,Aux
675,Active,Sg,NoSubj,Nonreflexive,FALSE,Impf,NoSpatAdv,late,NoRelCl,Aux
676,Active,Sg,Subj,Nonreflexive,TRUE,Pf,NoSpatAdv,late,RelCl,Aux
677,Active,Sg,Subj,Nonreflexive,FALSE,Pf,NoSpatAdv,late,RelCl,NoAux
678,Active,Sg,Subj,Nonreflexive,FALSE,Pf,NoSpatAdv,late,RelCl,NoAux
679,Passive,Pl,Subj,Nonreflexive,FALSE,Pf,NoSpatAdv,late,NoRelCl,Aux
680,Passive,Sg,Subj,Nonreflexive,FALSE,Pf,NoSpatAdv,late,RelCl,Aux
681,Active,Sg,Subj,Nonreflexive,FALSE,Impf,NoSpatAdv,late,RelCl,NoAux
682,Active,Sg,Subj,Nonreflexive,TRUE,Pf,NoSpatAdv,late,RelCl,NoAux
683,Active,Sg,Subj,Nonreflexive,FALSE,Pf,NoSpatAdv,late,NoRelCl,NoAux
684,Active,Sg,NoSubj,Nonreflexive,TRUE,Pf,NoSpatAdv,late,RelCl,NoAux
685,Active,Sg,Subj,Nonreflexive,FALSE,Pf,NoSpatAdv,late,NoRelCl,NoAux
686,Active,Sg,Subj,Nonreflexive,FALSE,Pf,NoSpatAdv,late,NoRelCl,NoAux
687,Active,Sg,Subj,Nonreflexive,TRUE,Impf,NoSpatAdv,late,RelCl,Aux
688,Active,Sg,NoSubj,Nonreflexive,FALSE,Impf,NoSpatAdv,late,NoRelCl,Aux
689,Active,Sg,Subj,Nonreflexive,FALSE,Impf,NoSpatAdv,late,NoRelCl,Aux
690,Active,Sg,NoSubj,Nonreflexive,TRUE,Impf,NoSpatAdv,late,NoRelCl,NoAux
691,Active,Sg,Subj,Nonreflexive,FALSE,Pf,NoSpatAdv,late,NoRelCl,NoAux
692,Active,Sg,Subj,Nonreflexive,TRUE,Impf,NoSpatAdv,late,NoRelCl,NoAux
693,Active,Sg,Subj,Nonreflexive,TRUE,Impf,NoSpatAdv,late,NoRelCl,NoAux
694,Active,Sg,Subj,Nonreflexive,FALSE,Impf,NoSpatAdv,late,NoRelCl,NoAux
695,Active,Sg,Subj,Nonreflexive,FALSE,Pf,NoSpatAdv,late,NoRelCl,NoAux
696,Active,Sg,NoSubj,Nonreflexive,FALSE,Impf,NoSpatAdv,late,NoRelCl,Aux
697,Active,Sg,Subj,Nonreflexive,FALSE,Impf,NoSpatAdv,late,NoRelCl,NoAux
698,Active,Sg,NoSubj,Nonreflexive,FALSE,Impf,NoSpatAdv,late,NoRelCl,NoAux
699,Active,Sg,Subj,Reflexive,FALSE,Pf,NoSpatAdv,late,NoRelCl,NoAux
700,Active,Sg,Subj,Nonreflexive,TRUE,Pf,NoSpatAdv,late,NoRelCl,NoAux
701,Active,Sg,NoSubj,Nonreflexive,TRUE,Pf,NoSpatAdv,late,NoRelCl,NoAux
702,Passive,Sg,NoSubj,Nonreflexive,TRUE,Pf,SpatAdv,late,NoRelCl,NoAux
